nr,nazwa,pp,numberOfSeeds,seeds,numberOfNodes,step,infectedPerStep,infectedTotal,infectedTotalPercentage,computionalTime
1,2,0.1,2,"[103, 9]",1899,1,47,49,2.58030542390732,0:00:00.266663
1,2,0.1,2,"[103, 9]",1899,2,106,155,8.162190626645604,0:00:00.266663
1,2,0.1,2,"[103, 9]",1899,3,296,451,23.74934175882043,0:00:00.266663
1,2,0.1,2,"[103, 9]",1899,4,287,738,38.862559241706165,0:00:00.266663
1,2,0.1,2,"[103, 9]",1899,5,103,841,44.28646656134808,0:00:00.266663
1,2,0.1,2,"[103, 9]",1899,6,31,872,45.918904686677195,0:00:00.266663
1,2,0.1,2,"[103, 9]",1899,7,10,882,46.44549763033176,0:00:00.266663
1,2,0.1,2,"[103, 9]",1899,8,1,883,46.49815692469721,0:00:00.266663
1,2,0.1,2,"[103, 9]",1899,9,0,883,46.49815692469721,0:00:00.266663
1,2,0.1,2,"[1488, 1580]",1899,10,0,885,46.60347551342812,0:00:00.005983
1,2,0.1,2,"[609, 1557]",1899,11,0,887,46.70879410215903,0:00:00.005627
1,2,0.1,2,"[345, 274]",1899,12,1,890,46.8667719852554,0:00:00.005379
1,2,0.1,2,"[345, 274]",1899,13,1,891,46.91943127962085,0:00:00.005379
1,2,0.1,2,"[345, 274]",1899,14,0,891,46.91943127962085,0:00:00.005379
1,2,0.1,2,"[1657, 1034]",1899,15,0,893,47.02474986835176,0:00:00.005296
1,2,0.1,2,"[96, 735]",1899,16,1,896,47.18272775144813,0:00:00.006364
1,2,0.1,2,"[96, 735]",1899,17,1,897,47.23538704581359,0:00:00.006364
1,2,0.1,2,"[96, 735]",1899,18,0,897,47.23538704581359,0:00:00.006364
1,2,0.1,2,"[1014, 329]",1899,19,0,899,47.3407056345445,0:00:00.005366
1,2,0.1,2,"[1312, 1585]",1899,20,0,901,47.44602422327541,0:00:00.004646
1,2,0.1,2,"[1556, 903]",1899,21,1,904,47.60400210637177,0:00:00.004382
1,2,0.1,2,"[1556, 903]",1899,22,2,906,47.70932069510268,0:00:00.004382
1,2,0.1,2,"[1556, 903]",1899,23,0,906,47.70932069510268,0:00:00.004382
1,2,0.1,2,"[1436, 540]",1899,24,0,908,47.8146392838336,0:00:00.005623
1,2,0.1,2,"[1284, 1502]",1899,25,0,910,47.9199578725645,0:00:00.004914
1,2,0.1,2,"[882, 1746]",1899,26,2,914,48.13059505002633,0:00:00.005227
1,2,0.1,2,"[882, 1746]",1899,27,0,914,48.13059505002633,0:00:00.005227
1,2,0.1,2,"[575, 1724]",1899,28,0,916,48.23591363875724,0:00:00.007282
1,2,0.1,2,"[1493, 312]",1899,29,1,919,48.393891521853604,0:00:00.006769
1,2,0.1,2,"[1493, 312]",1899,30,1,920,48.446550816219066,0:00:00.006769
1,2,0.1,2,"[1493, 312]",1899,31,0,920,48.446550816219066,0:00:00.006769
1,2,0.1,2,"[164, 1616]",1899,32,0,922,48.55186940494997,0:00:00.004707
1,2,0.1,2,"[180, 300]",1899,33,1,925,48.70984728804634,0:00:00.004166
1,2,0.1,2,"[180, 300]",1899,34,3,928,48.86782517114271,0:00:00.004166
1,2,0.1,2,"[180, 300]",1899,35,0,928,48.86782517114271,0:00:00.004166
1,2,0.1,2,"[816, 769]",1899,36,0,930,48.973143759873615,0:00:00.003377
1,2,0.1,2,"[659, 520]",1899,37,1,933,49.13112164296998,0:00:00.003257
1,2,0.1,2,"[659, 520]",1899,38,0,933,49.13112164296998,0:00:00.003257
1,2,0.1,2,"[646, 699]",1899,39,0,935,49.2364402317009,0:00:00.003590
1,2,0.1,2,"[774, 853]",1899,40,0,937,49.34175882043181,0:00:00.005182
1,2,0.1,2,"[1876, 1518]",1899,41,2,941,49.552395997893626,0:00:00.003760
1,2,0.1,2,"[1876, 1518]",1899,42,1,942,49.60505529225908,0:00:00.003760
1,2,0.1,2,"[1876, 1518]",1899,43,0,942,49.60505529225908,0:00:00.003760
1,2,0.1,2,"[1186, 1468]",1899,44,0,944,49.71037388098999,0:00:00.004406
1,2,0.1,2,"[1545, 1712]",1899,45,1,947,49.86835176408636,0:00:00.004138
1,2,0.1,2,"[1545, 1712]",1899,46,1,948,49.92101105845181,0:00:00.004138
1,2,0.1,2,"[1545, 1712]",1899,47,0,948,49.92101105845181,0:00:00.004138
1,2,0.1,2,"[1638, 1041]",1899,48,0,950,50.026329647182735,0:00:00.003657
1,2,0.1,2,"[135, 187]",1899,49,0,952,50.13164823591364,0:00:00.003413
1,2,0.1,2,"[1053, 1234]",1899,50,0,954,50.23696682464455,0:00:00.002957
1,2,0.1,2,"[264, 276]",1899,51,0,956,50.342285413375464,0:00:00.002677
1,2,0.1,2,"[326, 328]",1899,52,1,959,50.50026329647183,0:00:00.002309
1,2,0.1,2,"[326, 328]",1899,53,2,961,50.60558188520273,0:00:00.002309
1,2,0.1,2,"[326, 328]",1899,54,0,961,50.60558188520273,0:00:00.002309
1,2,0.1,2,"[379, 477]",1899,55,0,963,50.71090047393365,0:00:00.004143
1,2,0.1,2,"[1587, 601]",1899,56,0,965,50.81621906266456,0:00:00.002694
1,2,0.1,2,"[627, 689]",1899,57,1,968,50.97419694576093,0:00:00.004253
1,2,0.1,2,"[627, 689]",1899,58,0,968,50.97419694576093,0:00:00.004253
1,2,0.1,2,"[667, 799]",1899,59,0,970,51.07951553449184,0:00:00.004227
1,2,0.1,2,"[819, 841]",1899,60,0,972,51.18483412322274,0:00:00.004972
1,2,0.1,2,"[1893, 876]",1899,61,1,975,51.342812006319114,0:00:00.002865
1,2,0.1,2,"[1893, 876]",1899,62,0,975,51.342812006319114,0:00:00.002865
1,2,0.1,2,"[884, 962]",1899,63,0,977,51.448130595050024,0:00:00.002482
1,2,0.1,2,"[971, 1199]",1899,64,0,979,51.55344918378094,0:00:00.002370
1,2,0.1,2,"[978, 1146]",1899,65,0,981,51.65876777251185,0:00:00.002135
1,2,0.1,2,"[1299, 1344]",1899,66,1,984,51.81674565560821,0:00:00.001806
1,2,0.1,2,"[1299, 1344]",1899,67,0,984,51.81674565560821,0:00:00.001806
1,2,0.1,2,"[1447, 1508]",1899,68,0,986,51.922064244339126,0:00:00.001521
1,2,0.1,2,"[1730, 1801]",1899,69,0,988,52.027382833070035,0:00:00.001439
1,2,0.1,2,"[1844, 2]",1899,70,0,990,52.13270142180095,0:00:00.001452
1,2,0.1,2,"[10, 22]",1899,71,0,992,52.23802001053186,0:00:00.001382
1,2,0.1,2,"[76, 111]",1899,72,0,994,52.343338599262765,0:00:00.001737
1,2,0.1,2,"[137, 160]",1899,73,0,996,52.44865718799369,0:00:00.001545
1,2,0.1,2,"[223, 229]",1899,74,1,999,52.60663507109005,0:00:00.002146
1,2,0.1,2,"[223, 229]",1899,75,0,999,52.60663507109005,0:00:00.002146
1,2,0.1,2,"[235, 324]",1899,76,0,1001,52.711953659820956,0:00:00.001986
1,2,0.1,2,"[370, 401]",1899,77,0,1003,52.81727224855187,0:00:00.001652
1,2,0.1,2,"[413, 427]",1899,78,1,1006,52.97525013164823,0:00:00.004047
1,2,0.1,2,"[413, 427]",1899,79,1,1007,53.027909426013686,0:00:00.004047
1,2,0.1,2,"[413, 427]",1899,80,0,1007,53.027909426013686,0:00:00.004047
1,2,0.1,2,"[434, 442]",1899,81,0,1009,53.1332280147446,0:00:00.001953
1,2,0.1,2,"[483, 1123]",1899,82,0,1011,53.23854660347551,0:00:00.001437
1,2,0.1,2,"[581, 1510]",1899,83,1,1014,53.396524486571884,0:00:00.001379
1,2,0.1,2,"[581, 1510]",1899,84,0,1014,53.396524486571884,0:00:00.001379
1,2,0.1,2,"[612, 619]",1899,85,0,1016,53.50184307530279,0:00:00.001216
1,2,0.1,2,"[1276, 678]",1899,86,0,1018,53.6071616640337,0:00:00.001092
1,2,0.1,2,"[1391, 741]",1899,87,0,1020,53.712480252764614,0:00:00.001021
1,2,0.1,2,"[747, 925]",1899,88,0,1022,53.817798841495524,0:00:00.000881
1,2,0.1,2,"[856, 874]",1899,89,0,1024,53.923117430226434,0:00:00.000817
1,2,0.1,2,"[883, 1076]",1899,90,0,1026,54.02843601895735,0:00:00.000791
1,2,0.1,2,"[1367, 836]",1899,91,1,1029,54.18641390205371,0:00:00.000748
1,2,0.1,2,"[1367, 836]",1899,92,0,1029,54.18641390205371,0:00:00.000748
1,2,0.1,2,"[1249, 1180]",1899,93,0,1031,54.291732490784625,0:00:00.000897
1,2,0.1,2,"[1290, 1323]",1899,94,1,1034,54.44971037388099,0:00:00.001405
1,2,0.1,2,"[1290, 1323]",1899,95,0,1034,54.44971037388099,0:00:00.001405
1,2,0.1,2,"[1329, 1145]",1899,96,0,1036,54.55502896261189,0:00:00.000927
1,2,0.1,2,"[1335, 927]",1899,97,1,1039,54.713006845708264,0:00:00.000878
1,2,0.1,2,"[1335, 927]",1899,98,0,1039,54.713006845708264,0:00:00.000878
1,2,0.1,2,"[1423, 1378]",1899,99,0,1041,54.818325434439174,0:00:00.000866
1,2,0.1,2,"[1380, 1395]",1899,100,0,1043,54.92364402317009,0:00:00.000946
1,2,0.1,2,"[669, 740]",1899,101,0,1045,55.028962611901,0:00:00.000710
1,2,0.1,2,"[1429, 1463]",1899,102,1,1048,55.18694049499737,0:00:00.000638
1,2,0.1,2,"[1429, 1463]",1899,103,0,1048,55.18694049499737,0:00:00.000638
1,2,0.1,2,"[1793, 1608]",1899,104,0,1050,55.29225908372828,0:00:00.000567
1,2,0.1,2,"[1491, 1522]",1899,105,0,1052,55.397577672459185,0:00:00.000468
1,2,0.1,2,"[1192, 1753]",1899,106,0,1054,55.5028962611901,0:00:00.000403
1,2,0.1,2,"[1550, 578]",1899,107,0,1056,55.60821484992101,0:00:00.000329
1,2,0.1,2,"[1578, 1596]",1899,108,0,1058,55.71353343865192,0:00:00.000328
1,2,0.1,2,"[1611, 1621]",1899,109,0,1060,55.81885202738284,0:00:00.000244
1,2,0.1,2,"[1652, 844]",1899,110,0,1062,55.92417061611374,0:00:00.000211
1,2,0.1,2,"[1791, 1797]",1899,111,1,1065,56.08214849921011,0:00:00.000175
1,2,0.1,2,"[1791, 1797]",1899,112,0,1065,56.08214849921011,0:00:00.000175
1,2,0.1,2,"[1812, 1862]",1899,113,0,1067,56.18746708794102,0:00:00.000182
1,2,0.1,2,"[1878, 451]",1899,114,0,1069,56.29278567667193,0:00:00.000154
1,2,0.1,2,"[796, 565]",1899,115,1,1072,56.450763559768305,0:00:00.000044
1,2,0.1,2,"[796, 565]",1899,116,0,1072,56.450763559768305,0:00:00.000044
1,2,0.1,2,"[1233, 1726]",1899,117,0,1074,56.55608214849921,0:00:00.000045
1,2,0.1,2,"[981, 397]",1899,118,0,1076,56.66140073723012,0:00:00.000117
1,2,0.1,2,"[694, 907]",1899,119,0,1078,56.766719325961034,0:00:00.000044
1,2,0.1,2,"[1788, 1125]",1899,120,0,1080,56.872037914691944,0:00:00.000047
1,2,0.1,2,"[1278, 1432]",1899,121,0,1082,56.97735650342285,0:00:00.000042
1,2,0.1,2,"[1029, 1828]",1899,122,0,1084,57.082675092153764,0:00:00.000031
1,2,0.1,2,"[515, 630]",1899,123,0,1086,57.187993680884674,0:00:00.000027
1,2,0.1,2,"[1535, 1803]",1899,124,0,1088,57.29331226961558,0:00:00.000026
1,2,0.1,2,"[911, 455]",1899,125,0,1090,57.3986308583465,0:00:00.000026
1,2,0.1,2,"[1001, 1714]",1899,126,0,1092,57.50394944707741,0:00:00.000023
1,2,0.1,2,"[1166, 340]",1899,127,0,1094,57.60926803580833,0:00:00.000023
1,2,0.1,2,"[1044, 1842]",1899,128,0,1096,57.71458662453923,0:00:00.000020
1,2,0.1,2,"[1658, 1388]",1899,129,0,1098,57.81990521327014,0:00:00.000019
1,2,0.1,2,"[574, 1202]",1899,130,0,1100,57.92522380200106,0:00:00.000032
1,2,0.1,2,"[1859, 1823]",1899,131,0,1102,58.030542390731966,0:00:00.000021
1,2,0.1,2,"[1369, 37]",1899,132,0,1104,58.13586097946287,0:00:00.000019
1,2,0.1,2,"[1602, 900]",1899,133,0,1106,58.24117956819379,0:00:00.000019
1,2,0.1,2,"[1560, 826]",1899,134,0,1108,58.346498156924696,0:00:00.000020
1,2,0.1,2,"[1448, 1134]",1899,135,0,1110,58.451816745655606,0:00:00.000020
1,2,0.1,2,"[1782, 1819]",1899,136,0,1112,58.55713533438652,0:00:00.000025
1,2,0.1,2,"[1094, 467]",1899,137,0,1114,58.66245392311743,0:00:00.000192
1,2,0.1,2,"[1541, 347]",1899,138,0,1116,58.767772511848335,0:00:00.000043
1,2,0.1,2,"[1140, 1880]",1899,139,0,1118,58.87309110057926,0:00:00.000047
1,2,0.1,2,"[894, 1003]",1899,140,0,1120,58.97840968931016,0:00:00.000047
1,2,0.1,2,"[271, 1850]",1899,141,0,1122,59.08372827804107,0:00:00.000050
1,2,0.1,2,"[1206, 1584]",1899,142,0,1124,59.18904686677199,0:00:00.000044
1,2,0.1,2,"[1824, 487]",1899,143,0,1126,59.2943654555029,0:00:00.000046
1,2,0.1,2,"[880, 720]",1899,144,0,1128,59.3996840442338,0:00:00.000047
1,2,0.1,2,"[693, 171]",1899,145,0,1130,59.50500263296472,0:00:00.000044
1,2,0.1,2,"[895, 39]",1899,146,0,1132,59.61032122169563,0:00:00.000029
1,2,0.1,2,"[1668, 851]",1899,147,0,1134,59.71563981042654,0:00:00.000028
1,2,0.1,2,"[1710, 974]",1899,148,0,1136,59.820958399157455,0:00:00.000026
1,2,0.1,2,"[436, 1699]",1899,149,0,1138,59.92627698788836,0:00:00.000024
1,2,0.1,2,"[1818, 1119]",1899,150,0,1140,60.03159557661928,0:00:00.000023
1,2,0.1,2,"[1743, 1833]",1899,151,0,1142,60.136914165350184,0:00:00.000043
1,2,0.1,2,"[112, 660]",1899,152,0,1144,60.242232754081094,0:00:00.000029
1,2,0.1,2,"[1529, 1633]",1899,153,0,1146,60.34755134281201,0:00:00.000035
1,2,0.1,2,"[192, 1583]",1899,154,0,1148,60.45286993154292,0:00:00.000026
1,2,0.1,2,"[113, 512]",1899,155,0,1150,60.55818852027382,0:00:00.000026
1,2,0.1,2,"[1459, 1707]",1899,156,0,1152,60.66350710900474,0:00:00.000025
1,2,0.1,2,"[1122, 1757]",1899,157,0,1154,60.76882569773565,0:00:00.000042
1,2,0.1,2,"[1666, 450]",1899,158,0,1156,60.87414428646656,0:00:00.000044
1,2,0.1,2,"[1759, 861]",1899,159,0,1158,60.97946287519748,0:00:00.000045
1,2,0.1,2,"[11, 1838]",1899,160,0,1160,61.08478146392839,0:00:00.000047
1,2,0.1,2,"[748, 1751]",1899,161,0,1162,61.19010005265929,0:00:00.000043
1,2,0.1,2,"[1607, 1569]",1899,162,0,1164,61.29541864139021,0:00:00.000207
1,2,0.1,2,"[905, 1558]",1899,163,0,1166,61.400737230121116,0:00:00.000177
1,2,0.1,2,"[870, 246]",1899,164,0,1168,61.506055818852026,0:00:00.000110
1,2,0.1,2,"[982, 529]",1899,165,0,1170,61.61137440758294,0:00:00.000101
1,2,0.1,2,"[1651, 1681]",1899,166,0,1172,61.716692996313846,0:00:00.000035
1,2,0.1,2,"[169, 471]",1899,167,0,1174,61.822011585044756,0:00:00.000029
1,2,0.1,2,"[1370, 213]",1899,168,0,1176,61.92733017377567,0:00:00.000027
1,2,0.1,2,"[896, 1785]",1899,169,0,1178,62.03264876250658,0:00:00.000026
1,2,0.1,2,"[500, 1761]",1899,170,0,1180,62.13796735123749,0:00:00.000023
1,2,0.1,2,"[916, 1446]",1899,171,0,1182,62.24328593996841,0:00:00.000024
1,2,0.1,2,"[383, 858]",1899,172,0,1184,62.34860452869931,0:00:00.000021
1,2,0.1,2,"[1462, 755]",1899,173,0,1186,62.45392311743022,0:00:00.000019
1,2,0.1,2,"[906, 1203]",1899,174,0,1188,62.55924170616114,0:00:00.000021
1,2,0.1,2,"[1816, 17]",1899,175,0,1190,62.66456029489205,0:00:00.000019
1,2,0.1,2,"[643, 77]",1899,176,0,1192,62.769878883622965,0:00:00.000021
1,2,0.1,2,"[1874, 675]",1899,177,0,1194,62.875197472353875,0:00:00.000021
1,2,0.1,2,"[116, 1629]",1899,178,0,1196,62.98051606108478,0:00:00.000021
1,2,0.1,2,"[684, 290]",1899,179,0,1198,63.085834649815695,0:00:00.000060
1,2,0.1,2,"[1605, 736]",1899,180,0,1200,63.191153238546605,0:00:00.000037
1,2,0.1,2,"[827, 1821]",1899,181,0,1202,63.296471827277514,0:00:00.000042
1,2,0.1,2,"[261, 901]",1899,182,0,1204,63.40179041600843,0:00:00.000045
1,2,0.1,2,"[946, 702]",1899,183,0,1206,63.507109004739334,0:00:00.000047
1,2,0.1,2,"[1872, 453]",1899,184,0,1208,63.612427593470244,0:00:00.000054
1,2,0.1,2,"[1243, 1205]",1899,185,0,1210,63.71774618220116,0:00:00.000047
1,2,0.1,2,"[1347, 868]",1899,186,0,1212,63.82306477093207,0:00:00.000045
1,2,0.1,2,"[45, 1829]",1899,187,0,1214,63.92838335966297,0:00:00.000053
1,2,0.1,2,"[227, 1419]",1899,188,0,1216,64.0337019483939,0:00:00.000214
1,2,0.1,2,"[268, 1390]",1899,189,0,1218,64.13902053712481,0:00:00.000040
1,2,0.1,2,"[444, 1680]",1899,190,0,1220,64.2443391258557,0:00:00.000035
1,2,0.1,2,"[1599, 1316]",1899,191,0,1222,64.34965771458663,0:00:00.000046
1,2,0.1,2,"[780, 750]",1899,192,0,1224,64.45497630331754,0:00:00.000040
1,2,0.1,2,"[1095, 54]",1899,193,0,1226,64.56029489204845,0:00:00.000033
1,2,0.1,2,"[1442, 1147]",1899,194,0,1228,64.66561348077936,0:00:00.000033
1,2,0.1,2,"[1075, 65]",1899,195,0,1230,64.77093206951027,0:00:00.000028
1,2,0.1,2,"[255, 1490]",1899,196,0,1232,64.87625065824118,0:00:00.000026
1,2,0.1,2,"[1614, 1456]",1899,197,0,1234,64.9815692469721,0:00:00.000029
1,2,0.1,2,"[744, 935]",1899,198,0,1236,65.086887835703,0:00:00.000122
1,2,0.1,2,"[1175, 1645]",1899,199,0,1238,65.1922064244339,0:00:00.000048
1,2,0.1,2,"[107, 889]",1899,200,0,1240,65.29752501316483,0:00:00.000040
1,2,0.1,2,"[292, 406]",1899,201,0,1242,65.40284360189574,0:00:00.000032
1,2,0.1,2,"[1350, 1538]",1899,202,0,1244,65.50816219062665,0:00:00.000048
1,2,0.1,2,"[1149, 186]",1899,203,0,1246,65.61348077935756,0:00:00.000044
1,2,0.1,2,"[1747, 833]",1899,204,0,1248,65.71879936808847,0:00:00.000112
1,2,0.1,2,"[914, 1731]",1899,205,0,1250,65.82411795681938,0:00:00.000061
1,2,0.1,2,"[1482, 1589]",1899,206,0,1252,65.92943654555029,0:00:00.000254
1,2,0.1,2,"[488, 1364]",1899,207,0,1254,66.0347551342812,0:00:00.000263
1,2,0.1,2,"[1547, 1776]",1899,208,0,1256,66.14007372301212,0:00:00.000040
1,2,0.1,2,"[216, 1389]",1899,209,0,1258,66.24539231174302,0:00:00.000033
1,2,0.1,2,"[89, 1453]",1899,210,0,1260,66.35071090047393,0:00:00.000032
1,2,0.1,2,"[1659, 672]",1899,211,0,1262,66.45602948920485,0:00:00.000033
1,2,0.1,2,"[384, 1653]",1899,212,0,1264,66.56134807793576,0:00:00.000030
1,2,0.1,2,"[1875, 849]",1899,213,0,1266,66.66666666666666,0:00:00.000028
1,2,0.1,2,"[331, 671]",1899,214,0,1268,66.77198525539758,0:00:00.000028
1,2,0.1,2,"[1835, 690]",1899,215,0,1270,66.87730384412849,0:00:00.000029
1,2,0.1,2,"[1165, 1684]",1899,216,0,1272,66.9826224328594,0:00:00.000030
1,2,0.1,2,"[931, 1494]",1899,217,0,1274,67.08794102159031,0:00:00.000031
1,2,0.1,2,"[1728, 692]",1899,218,0,1276,67.19325961032122,0:00:00.000027
1,2,0.1,2,"[1394, 1867]",1899,219,0,1278,67.29857819905213,0:00:00.000070
1,2,0.1,2,"[1772, 1404]",1899,220,0,1280,67.40389678778304,0:00:00.000052
1,2,0.1,2,"[723, 1225]",1899,221,0,1282,67.50921537651395,0:00:00.000049
1,2,0.1,2,"[1439, 1133]",1899,222,0,1284,67.61453396524486,0:00:00.000047
1,2,0.1,2,"[1849, 1723]",1899,223,0,1286,67.71985255397578,0:00:00.000053
1,2,0.1,2,"[115, 650]",1899,224,0,1288,67.82517114270668,0:00:00.000045
1,2,0.1,2,"[1263, 622]",1899,225,0,1290,67.93048973143759,0:00:00.000045
1,2,0.1,2,"[1209, 1677]",1899,226,0,1292,68.03580832016851,0:00:00.000045
1,2,0.1,2,"[1435, 1670]",1899,227,0,1294,68.14112690889942,0:00:00.000124
1,2,0.1,2,"[606, 846]",1899,228,0,1296,68.24644549763033,0:00:00.000042
1,2,0.1,2,"[1856, 1156]",1899,229,0,1298,68.35176408636124,0:00:00.000034
1,2,0.1,2,"[1804, 1035]",1899,230,0,1300,68.45708267509215,0:00:00.000030
1,2,0.1,2,"[664, 71]",1899,231,0,1302,68.56240126382306,0:00:00.000028
1,2,0.1,2,"[1810, 153]",1899,232,0,1304,68.66771985255397,0:00:00.000028
1,2,0.1,2,"[258, 240]",1899,233,0,1306,68.77303844128488,0:00:00.000026
1,2,0.1,2,"[1077, 955]",1899,234,0,1308,68.8783570300158,0:00:00.000022
1,2,0.1,2,"[179, 1679]",1899,235,0,1310,68.98367561874672,0:00:00.000026
1,2,0.1,2,"[804, 1889]",1899,236,0,1312,69.08899420747761,0:00:00.000021
1,2,0.1,2,"[1254, 1251]",1899,237,0,1314,69.19431279620854,0:00:00.000134
1,2,0.1,2,"[1252, 1775]",1899,238,0,1316,69.29963138493945,0:00:00.000144
1,2,0.1,2,"[1055, 930]",1899,239,0,1318,69.40494997367036,0:00:00.000104
1,2,0.1,2,"[378, 18]",1899,240,0,1320,69.51026856240127,0:00:00.000211
1,2,0.1,2,"[634, 200]",1899,241,0,1322,69.61558715113217,0:00:00.000056
1,2,0.1,2,"[446, 428]",1899,242,0,1324,69.72090573986308,0:00:00.000132
1,2,0.1,2,"[1047, 501]",1899,243,0,1326,69.826224328594,0:00:00.000062
1,2,0.1,2,"[457, 854]",1899,244,0,1328,69.9315429173249,0:00:00.000045
1,2,0.1,2,"[1794, 1773]",1899,245,0,1330,70.03686150605581,0:00:00.000114
1,2,0.1,2,"[1330, 362]",1899,246,0,1332,70.14218009478674,0:00:00.000099
1,2,0.1,2,"[1324, 1691]",1899,247,0,1334,70.24749868351763,0:00:00.000121
1,2,0.1,2,"[1574, 1172]",1899,248,0,1336,70.35281727224854,0:00:00.000040
1,2,0.1,2,"[1832, 75]",1899,249,0,1338,70.45813586097947,0:00:00.000044
1,2,0.1,2,"[66, 956]",1899,250,0,1340,70.56345444971038,0:00:00.000040
1,2,0.1,2,"[1807, 1635]",1899,251,0,1342,70.66877303844129,0:00:00.000030
1,2,0.1,2,"[613, 746]",1899,252,0,1344,70.7740916271722,0:00:00.000026
1,2,0.1,2,"[1628, 485]",1899,253,0,1346,70.8794102159031,0:00:00.000025
1,2,0.1,2,"[530, 1820]",1899,254,0,1348,70.98472880463402,0:00:00.000032
1,2,0.1,2,"[14, 585]",1899,255,0,1350,71.09004739336493,0:00:00.000058
1,2,0.1,2,"[1827, 610]",1899,256,0,1352,71.19536598209584,0:00:00.000116
1,2,0.1,2,"[1240, 1654]",1899,257,0,1354,71.30068457082676,0:00:00.000057
1,2,0.1,2,"[1475, 1257]",1899,258,0,1356,71.40600315955766,0:00:00.000047
1,2,0.1,2,"[867, 1787]",1899,259,0,1358,71.51132174828857,0:00:00.000057
1,2,0.1,2,"[1294, 464]",1899,260,0,1360,71.61664033701949,0:00:00.000048
1,2,0.1,2,"[1301, 1683]",1899,261,0,1362,71.7219589257504,0:00:00.000046
1,2,0.1,2,"[1126, 1322]",1899,262,0,1364,71.8272775144813,0:00:00.000035
1,2,0.1,2,"[1852, 1159]",1899,263,0,1366,71.93259610321222,0:00:00.000034
1,2,0.1,2,"[1663, 1734]",1899,264,0,1368,72.03791469194313,0:00:00.000027
1,2,0.1,2,"[1551, 1305]",1899,265,0,1370,72.14323328067404,0:00:00.000032
1,2,0.1,2,"[1805, 1857]",1899,266,0,1372,72.24855186940495,0:00:00.000029
1,2,0.1,2,"[917, 703]",1899,267,0,1374,72.35387045813586,0:00:00.000031
1,2,0.1,2,"[1250, 1351]",1899,268,0,1376,72.45918904686677,0:00:00.000027
1,2,0.1,2,"[1074, 1897]",1899,269,0,1378,72.56450763559769,0:00:00.000028
1,2,0.1,2,"[139, 1813]",1899,270,0,1380,72.66982622432859,0:00:00.000028
1,2,0.1,2,"[506, 1135]",1899,271,0,1382,72.7751448130595,0:00:00.000029
1,2,0.1,2,"[1498, 1201]",1899,272,0,1384,72.88046340179042,0:00:00.000025
1,2,0.1,2,"[1466, 1637]",1899,273,0,1386,72.98578199052133,0:00:00.000022
1,2,0.1,2,"[1085, 23]",1899,274,0,1388,73.09110057925223,0:00:00.000033
1,2,0.1,2,"[201, 1705]",1899,275,0,1390,73.19641916798315,0:00:00.000123
1,2,0.1,2,"[1640, 1216]",1899,276,0,1392,73.30173775671406,0:00:00.000262
1,2,0.1,2,"[1319, 892]",1899,277,0,1394,73.40705634544497,0:00:00.000113
1,2,0.1,2,"[945, 521]",1899,278,0,1396,73.51237493417588,0:00:00.000055
1,2,0.1,2,"[842, 1798]",1899,279,0,1398,73.61769352290679,0:00:00.000059
1,2,0.1,2,"[1048, 1802]",1899,280,0,1400,73.72301211163771,0:00:00.000067
1,2,0.1,2,"[696, 1229]",1899,281,0,1402,73.82833070036861,0:00:00.000052
1,2,0.1,2,"[535, 231]",1899,282,0,1404,73.93364928909952,0:00:00.000043
1,2,0.1,2,"[1760, 1401]",1899,283,0,1406,74.03896787783044,0:00:00.000036
1,2,0.1,2,"[267, 791]",1899,284,0,1408,74.14428646656135,0:00:00.000035
1,2,0.1,2,"[629, 1341]",1899,285,0,1410,74.24960505529225,0:00:00.000034
1,2,0.1,2,"[1613, 1027]",1899,286,0,1412,74.35492364402317,0:00:00.000035
1,2,0.1,2,"[921, 715]",1899,287,0,1414,74.46024223275408,0:00:00.000032
1,2,0.1,2,"[1207, 1228]",1899,288,0,1416,74.565560821485,0:00:00.000030
1,2,0.1,2,"[1304, 1703]",1899,289,0,1418,74.6708794102159,0:00:00.000026
1,2,0.1,2,"[863, 1512]",1899,290,0,1420,74.77619799894681,0:00:00.000022
1,2,0.1,2,"[35, 811]",1899,291,0,1422,74.88151658767772,0:00:00.000021
1,2,0.1,2,"[1830, 1620]",1899,292,0,1424,74.98683517640863,0:00:00.000030
1,2,0.1,2,"[1129, 526]",1899,293,0,1426,75.09215376513954,0:00:00.000125
1,2,0.1,2,"[1704, 633]",1899,294,0,1428,75.19747235387045,0:00:00.000051
1,2,0.1,2,"[1564, 729]",1899,295,0,1430,75.30279094260138,0:00:00.000228
1,2,0.1,2,"[31, 507]",1899,296,0,1432,75.40810953133229,0:00:00.000111
1,2,0.1,2,"[130, 1259]",1899,297,0,1434,75.51342812006318,0:00:00.000133
1,2,0.1,2,"[1486, 206]",1899,298,0,1436,75.6187467087941,0:00:00.000052
1,2,0.1,2,"[1527, 1610]",1899,299,0,1438,75.72406529752502,0:00:00.000121
1,2,0.1,2,"[877, 1162]",1899,300,0,1440,75.82938388625593,0:00:00.000051
1,2,0.1,2,"[1774, 1169]",1899,301,0,1442,75.93470247498684,0:00:00.000078
1,2,0.1,2,"[1854, 661]",1899,302,0,1444,76.04002106371775,0:00:00.000109
1,2,0.1,2,"[1427, 737]",1899,303,0,1446,76.14533965244867,0:00:00.000346
1,2,0.1,2,"[1662, 366]",1899,304,0,1448,76.25065824117956,0:00:00.000276
1,2,0.1,2,"[1081, 1537]",1899,305,0,1450,76.35597682991047,0:00:00.000303
1,2,0.1,2,"[965, 1061]",1899,306,0,1452,76.4612954186414,0:00:00.000057
1,2,0.1,2,"[722, 668]",1899,307,0,1454,76.56661400737231,0:00:00.000051
1,2,0.1,2,"[786, 126]",1899,308,0,1456,76.6719325961032,0:00:00.000054
1,2,0.1,2,"[196, 614]",1899,309,0,1458,76.77725118483413,0:00:00.000081
1,2,0.1,2,"[1473, 865]",1899,310,0,1460,76.88256977356504,0:00:00.000049
1,2,0.1,2,"[1898, 1441]",1899,311,0,1462,76.98788836229595,0:00:00.000135
1,2,0.1,2,"[1030, 489]",1899,312,0,1464,77.09320695102686,0:00:00.000046
1,2,0.1,2,"[195, 1109]",1899,313,0,1466,77.19852553975777,0:00:00.000042
1,2,0.1,2,"[1212, 1822]",1899,314,0,1468,77.30384412848868,0:00:00.000030
1,2,0.1,2,"[608, 717]",1899,315,0,1470,77.40916271721959,0:00:00.000026
1,2,0.1,2,"[558, 1500]",1899,316,0,1472,77.5144813059505,0:00:00.000033
1,2,0.1,2,"[222, 961]",1899,317,0,1474,77.6197998946814,0:00:00.000042
1,2,0.1,2,"[1011, 1045]",1899,318,0,1476,77.72511848341233,0:00:00.000028
1,2,0.1,2,"[168, 1591]",1899,319,0,1478,77.83043707214323,0:00:00.000042
1,2,0.1,2,"[1469, 150]",1899,320,0,1480,77.93575566087414,0:00:00.000391
1,2,0.1,2,"[850, 217]",1899,321,0,1482,78.04107424960506,0:00:00.000045
1,2,0.1,2,"[1091, 1740]",1899,322,0,1484,78.14639283833597,0:00:00.000039
1,2,0.1,2,"[1121, 1204]",1899,323,0,1486,78.25171142706687,0:00:00.000038
1,2,0.1,2,"[1817, 695]",1899,324,0,1488,78.35703001579779,0:00:00.000036
1,2,0.1,2,"[1046, 333]",1899,325,0,1490,78.4623486045287,0:00:00.000041
1,2,0.1,2,"[1110, 651]",1899,326,0,1492,78.56766719325961,0:00:00.000061
1,2,0.1,2,"[1786, 123]",1899,327,0,1494,78.67298578199052,0:00:00.000077
1,2,0.1,2,"[1732, 395]",1899,328,0,1496,78.77830437072143,0:00:00.000262
1,2,0.1,2,"[1634, 959]",1899,329,0,1498,78.88362295945235,0:00:00.000070
1,2,0.1,2,"[1884, 452]",1899,330,0,1500,78.98894154818325,0:00:00.000066
1,2,0.1,2,"[637, 1858]",1899,331,0,1502,79.09426013691416,0:00:00.000053
1,2,0.1,2,"[1208, 1887]",1899,332,0,1504,79.19957872564508,0:00:00.000046
1,2,0.1,2,"[1769, 1198]",1899,333,0,1506,79.30489731437599,0:00:00.000057
1,2,0.1,2,"[1480, 1422]",1899,334,0,1508,79.4102159031069,0:00:00.000047
1,2,0.1,2,"[968, 1174]",1899,335,0,1510,79.51553449183781,0:00:00.000047
1,2,0.1,2,"[43, 1152]",1899,336,0,1512,79.62085308056872,0:00:00.000046
1,2,0.1,2,"[742, 1575]",1899,337,0,1514,79.72617166929963,0:00:00.000054
1,2,0.1,2,"[1210, 1245]",1899,338,0,1516,79.83149025803054,0:00:00.000054
1,2,0.1,2,"[1009, 1218]",1899,339,0,1518,79.93680884676145,0:00:00.000061
1,2,0.1,2,"[1577, 1112]",1899,340,0,1520,80.04212743549236,0:00:00.000054
1,2,0.1,2,"[433, 924]",1899,341,0,1522,80.14744602422329,0:00:00.000053
1,2,0.1,2,"[1779, 1631]",1899,342,0,1524,80.25276461295418,0:00:00.000046
1,2,0.1,2,"[1766, 1845]",1899,343,0,1526,80.35808320168509,0:00:00.000041
1,2,0.1,2,"[1799, 476]",1899,344,0,1528,80.46340179041601,0:00:00.000041
1,2,0.1,2,"[1431, 763]",1899,345,0,1530,80.56872037914692,0:00:00.000035
1,2,0.1,2,"[1506, 1361]",1899,346,0,1532,80.67403896787782,0:00:00.000035
1,2,0.1,2,"[1524, 1385]",1899,347,0,1534,80.77935755660874,0:00:00.000037
1,2,0.1,2,"[247, 1763]",1899,348,0,1536,80.88467614533965,0:00:00.000040
1,2,0.1,2,"[1315, 1104]",1899,349,0,1538,80.98999473407056,0:00:00.000034
1,2,0.1,2,"[1445, 875]",1899,350,0,1540,81.09531332280147,0:00:00.000042
1,2,0.1,2,"[1078, 1725]",1899,351,0,1542,81.20063191153238,0:00:00.000164
1,2,0.1,2,"[293, 1720]",1899,352,0,1544,81.3059505002633,0:00:00.000042
1,2,0.1,2,"[1555, 1815]",1899,353,0,1546,81.4112690889942,0:00:00.000037
1,2,0.1,2,"[232, 670]",1899,354,0,1548,81.51658767772511,0:00:00.000035
1,2,0.1,2,"[486, 666]",1899,355,0,1550,81.62190626645604,0:00:00.000054
1,2,0.1,2,"[1163, 1386]",1899,356,0,1552,81.72722485518695,0:00:00.000047
1,2,0.1,2,"[820, 1430]",1899,357,0,1554,81.83254344391784,0:00:00.000203
1,2,0.1,2,"[1883, 156]",1899,358,0,1556,81.93786203264877,0:00:00.000131
1,2,0.1,2,"[1571, 757]",1899,359,0,1558,82.04318062137968,0:00:00.000048
1,2,0.1,2,"[238, 1277]",1899,360,0,1560,82.14849921011059,0:00:00.000161
1,2,0.1,2,"[1672, 937]",1899,361,0,1562,82.2538177988415,0:00:00.000053
1,2,0.1,2,"[225, 1687]",1899,362,0,1564,82.3591363875724,0:00:00.000073
1,2,0.1,2,"[1863, 1894]",1899,363,0,1566,82.46445497630332,0:00:00.000228
1,2,0.1,2,"[902, 1780]",1899,364,0,1568,82.56977356503424,0:00:00.000043
1,2,0.1,2,"[1460, 1767]",1899,365,0,1570,82.67509215376514,0:00:00.000044
1,2,0.1,2,"[480, 1552]",1899,366,0,1572,82.78041074249604,0:00:00.000044
1,2,0.1,2,"[1811, 857]",1899,367,0,1574,82.88572933122697,0:00:00.000278
1,2,0.1,2,"[1303, 1063]",1899,368,0,1576,82.99104791995788,0:00:00.000054
1,2,0.1,2,"[1411, 1661]",1899,369,0,1578,83.09636650868877,0:00:00.000128
1,2,0.1,2,"[15, 1358]",1899,370,0,1580,83.2016850974197,0:00:00.000046
1,2,0.1,2,"[24, 1194]",1899,371,0,1582,83.30700368615061,0:00:00.000213
1,2,0.1,2,"[301, 887]",1899,372,0,1584,83.41232227488152,0:00:00.000159
1,2,0.1,2,"[508, 279]",1899,373,0,1586,83.51764086361243,0:00:00.000055
1,2,0.1,2,"[568, 1581]",1899,374,0,1588,83.62295945234334,0:00:00.000052
1,2,0.1,2,"[1327, 1800]",1899,375,0,1590,83.72827804107425,0:00:00.000047
1,2,0.1,2,"[910, 845]",1899,376,0,1592,83.83359662980516,0:00:00.000060
1,2,0.1,2,"[716, 1505]",1899,377,0,1594,83.93891521853607,0:00:00.000046
1,2,0.1,2,"[207, 1646]",1899,378,0,1596,84.04423380726699,0:00:00.000042
1,2,0.1,2,"[1549, 1170]",1899,379,0,1598,84.1495523959979,0:00:00.000031
1,2,0.1,2,"[1609, 879]",1899,380,0,1600,84.2548709847288,0:00:00.000032
1,2,0.1,2,"[579, 1492]",1899,381,0,1602,84.36018957345972,0:00:00.000027
1,2,0.1,2,"[1289, 1826]",1899,382,0,1604,84.46550816219063,0:00:00.000027
1,2,0.1,2,"[1465, 922]",1899,383,0,1606,84.57082675092154,0:00:00.000024
1,2,0.1,2,"[239, 645]",1899,384,0,1608,84.67614533965245,0:00:00.000024
1,2,0.1,2,"[1588, 1886]",1899,385,0,1610,84.78146392838336,0:00:00.000023
1,2,0.1,2,"[1630, 1840]",1899,386,0,1612,84.88678251711427,0:00:00.000047
1,2,0.1,2,"[1682, 1020]",1899,387,0,1614,84.99210110584518,0:00:00.000041
1,2,0.1,2,"[1841, 951]",1899,388,0,1616,85.09741969457609,0:00:00.000205
1,2,0.1,2,"[354, 1497]",1899,389,0,1618,85.202738283307,0:00:00.000044
1,2,0.1,2,"[1664, 1718]",1899,390,0,1620,85.30805687203792,0:00:00.000044
1,2,0.1,2,"[1891, 1392]",1899,391,0,1622,85.41337546076882,0:00:00.000043
1,2,0.1,2,"[1416, 628]",1899,392,0,1624,85.51869404949973,0:00:00.000056
1,2,0.1,2,"[416, 1247]",1899,393,0,1626,85.62401263823065,0:00:00.000052
1,2,0.1,2,"[203, 46]",1899,394,0,1628,85.72933122696156,0:00:00.000108
1,2,0.1,2,"[1288, 7]",1899,395,0,1630,85.83464981569247,0:00:00.000033
1,2,0.1,2,"[1232, 685]",1899,396,0,1632,85.93996840442338,0:00:00.000041
1,2,0.1,2,"[524, 1265]",1899,397,0,1634,86.04528699315429,0:00:00.000029
1,2,0.1,2,"[1632, 1519]",1899,398,0,1636,86.1506055818852,0:00:00.000037
1,2,0.1,2,"[1795, 117]",1899,399,0,1638,86.25592417061611,0:00:00.000030
1,2,0.1,2,"[1148, 1116]",1899,400,0,1640,86.36124275934702,0:00:00.000033
1,2,0.1,2,"[1025, 1544]",1899,401,0,1642,86.46656134807793,0:00:00.000043
1,2,0.1,2,"[948, 1499]",1899,402,0,1644,86.57187993680886,0:00:00.000042
1,2,0.1,2,"[832, 1561]",1899,403,0,1646,86.67719852553975,0:00:00.000028
1,2,0.1,2,"[4, 491]",1899,404,0,1648,86.78251711427068,0:00:00.000026
1,2,0.1,2,"[1320, 1124]",1899,405,0,1650,86.88783570300158,0:00:00.000027
1,2,0.1,2,"[1694, 1834]",1899,406,0,1652,86.9931542917325,0:00:00.000048
1,2,0.1,2,"[972, 1438]",1899,407,0,1654,87.0984728804634,0:00:00.000043
1,2,0.1,2,"[108, 275]",1899,408,0,1656,87.20379146919431,0:00:00.000045
1,2,0.1,2,"[1120, 1595]",1899,409,0,1658,87.30911005792522,0:00:00.000043
1,2,0.1,2,"[1223, 1376]",1899,410,0,1660,87.41442864665613,0:00:00.000044
1,2,0.1,2,"[1334, 1477]",1899,411,0,1662,87.51974723538704,0:00:00.000044
1,2,0.1,2,"[1015, 1058]",1899,412,0,1664,87.62506582411795,0:00:00.000054
1,2,0.1,2,"[1107, 458]",1899,413,0,1666,87.73038441284888,0:00:00.000048
1,2,0.1,2,"[1531, 1088]",1899,414,0,1668,87.83570300157977,0:00:00.000043
1,2,0.1,2,"[918, 178]",1899,415,0,1670,87.94102159031068,0:00:00.000029
1,2,0.1,2,"[531, 148]",1899,416,0,1672,88.04634017904161,0:00:00.000027
1,2,0.1,2,"[828, 1428]",1899,417,0,1674,88.15165876777252,0:00:00.000026
1,2,0.1,2,"[49, 1530]",1899,418,0,1676,88.25697735650341,0:00:00.000025
1,2,0.1,2,"[1855, 417]",1899,419,0,1678,88.36229594523434,0:00:00.000025
1,2,0.1,2,"[1057, 1790]",1899,420,0,1680,88.46761453396525,0:00:00.000026
1,2,0.1,2,"[92, 1143]",1899,421,0,1682,88.57293312269616,0:00:00.000023
1,2,0.1,2,"[1405, 929]",1899,422,0,1684,88.67825171142707,0:00:00.000066
1,2,0.1,2,"[1572, 920]",1899,423,0,1686,88.78357030015798,0:00:00.000020
1,2,0.1,2,"[947, 1084]",1899,424,0,1688,88.88888888888889,0:00:00.000019
1,2,0.1,2,"[597, 170]",1899,425,0,1690,88.9942074776198,0:00:00.000020
1,2,0.1,2,"[1464, 1870]",1899,426,0,1692,89.0995260663507,0:00:00.000020
1,2,0.1,2,"[789, 1410]",1899,427,0,1694,89.20484465508162,0:00:00.000019
1,2,0.1,2,"[1625, 138]",1899,428,0,1696,89.31016324381254,0:00:00.000019
1,2,0.1,2,"[886, 556]",1899,429,0,1698,89.41548183254343,0:00:00.000038
1,2,0.1,2,"[146, 904]",1899,430,0,1700,89.52080042127436,0:00:00.000046
1,2,0.1,2,"[5, 1733]",1899,431,0,1702,89.62611901000527,0:00:00.000043
1,2,0.1,2,"[1452, 1755]",1899,432,0,1704,89.73143759873618,0:00:00.000119
1,2,0.1,2,"[1241, 1177]",1899,433,0,1706,89.83675618746709,0:00:00.000099
1,2,0.1,2,"[1221, 134]",1899,434,0,1708,89.942074776198,0:00:00.000045
1,2,0.1,2,"[1481, 1451]",1899,435,0,1710,90.04739336492891,0:00:00.000046
1,2,0.1,2,"[691, 756]",1899,436,0,1712,90.15271195365983,0:00:00.000047
1,2,0.1,2,"[960, 461]",1899,437,0,1714,90.25803054239073,0:00:00.000043
1,2,0.1,2,"[493, 976]",1899,438,0,1716,90.36334913112164,0:00:00.000038
1,2,0.1,2,"[759, 1461]",1899,439,0,1718,90.46866771985256,0:00:00.000029
1,2,0.1,2,"[1839, 1016]",1899,440,0,1720,90.57398630858347,0:00:00.000026
1,2,0.1,2,"[1869, 888]",1899,441,0,1722,90.67930489731437,0:00:00.000025
1,2,0.1,2,"[653, 159]",1899,442,0,1724,90.78462348604529,0:00:00.000024
1,2,0.1,2,"[1450, 718]",1899,443,0,1726,90.8899420747762,0:00:00.000023
1,2,0.1,2,"[1567, 580]",1899,444,0,1728,90.99526066350711,0:00:00.000020
1,2,0.1,2,"[790, 1086]",1899,445,0,1730,91.10057925223802,0:00:00.000020
1,2,0.1,2,"[941, 1017]",1899,446,0,1732,91.20589784096893,0:00:00.000026
1,2,0.1,2,"[1641, 1377]",1899,447,0,1734,91.31121642969984,0:00:00.000019
1,2,0.1,2,"[1470, 1309]",1899,448,0,1736,91.41653501843075,0:00:00.000019
1,2,0.1,2,"[210, 262]",1899,449,0,1738,91.52185360716166,0:00:00.000019
1,2,0.1,2,"[1770, 28]",1899,450,0,1740,91.62717219589257,0:00:00.000020
1,2,0.1,2,"[478, 511]",1899,451,0,1742,91.7324907846235,0:00:00.000019
1,2,0.1,2,"[1656, 1701]",1899,452,0,1744,91.83780937335439,0:00:00.000021
1,2,0.1,2,"[1293, 564]",1899,453,0,1746,91.9431279620853,0:00:00.000036
1,2,0.1,2,"[1697, 618]",1899,454,0,1748,92.04844655081622,0:00:00.000159
1,2,0.1,2,"[443, 449]",1899,455,0,1750,92.15376513954713,0:00:00.000042
1,2,0.1,2,"[1674, 1331]",1899,456,0,1752,92.25908372827804,0:00:00.000111
1,2,0.1,2,"[1266, 1861]",1899,457,0,1754,92.36440231700895,0:00:00.000121
1,2,0.1,2,"[1650, 208]",1899,458,0,1756,92.46972090573986,0:00:00.000047
1,2,0.1,2,"[1484, 1360]",1899,459,0,1758,92.57503949447077,0:00:00.000109
1,2,0.1,2,"[1108, 106]",1899,460,0,1760,92.68035808320168,0:00:00.000052
1,2,0.1,2,"[1735, 136]",1899,461,0,1762,92.78567667193259,0:00:00.000047
1,2,0.1,2,"[412, 166]",1899,462,0,1764,92.89099526066352,0:00:00.000041
1,2,0.1,2,"[414, 1533]",1899,463,0,1766,92.99631384939443,0:00:00.000029
1,2,0.1,2,"[1765, 363]",1899,464,0,1768,93.10163243812532,0:00:00.000031
1,2,0.1,2,"[1458, 1559]",1899,465,0,1770,93.20695102685625,0:00:00.000031
1,2,0.1,2,"[1570, 1777]",1899,466,0,1772,93.31226961558716,0:00:00.000029
1,2,0.1,2,"[1778, 165]",1899,467,0,1774,93.41758820431806,0:00:00.000027
1,2,0.1,2,"[760, 1593]",1899,468,0,1776,93.52290679304897,0:00:00.000026
1,2,0.1,2,"[1073, 1528]",1899,469,0,1778,93.62822538177988,0:00:00.000022
1,2,0.1,2,"[1483, 1643]",1899,470,0,1780,93.7335439705108,0:00:00.000021
1,2,0.1,2,"[1590, 1106]",1899,471,0,1782,93.8388625592417,0:00:00.000020
1,2,0.1,2,"[1895, 251]",1899,472,0,1784,93.94418114797261,0:00:00.000019
1,2,0.1,2,"[21, 1853]",1899,473,0,1786,94.04949973670352,0:00:00.000030
1,2,0.1,2,"[1660, 1576]",1899,474,0,1788,94.15481832543445,0:00:00.000037
1,2,0.1,2,"[1226, 541]",1899,475,0,1790,94.26013691416534,0:00:00.000044
1,2,0.1,2,"[188, 1028]",1899,476,0,1792,94.36545550289625,0:00:00.000044
1,2,0.1,2,"[743, 550]",1899,477,0,1794,94.47077409162718,0:00:00.000133
1,2,0.1,2,"[1554, 1154]",1899,478,0,1796,94.57609268035809,0:00:00.000048
1,2,0.1,2,"[1692, 1115]",1899,479,0,1798,94.681411269089,0:00:00.000214
1,2,0.1,2,"[1882, 764]",1899,480,0,1800,94.7867298578199,0:00:00.000111
1,2,0.1,2,"[677, 1318]",1899,481,0,1802,94.89204844655082,0:00:00.000120
1,2,0.1,2,"[1449, 1514]",1899,482,0,1804,94.99736703528173,0:00:00.000044
1,2,0.1,2,"[1010, 1523]",1899,483,0,1806,95.10268562401264,0:00:00.000029
1,2,0.1,2,"[1722, 1264]",1899,484,0,1808,95.20800421274355,0:00:00.000029
1,2,0.1,2,"[709, 775]",1899,485,0,1810,95.31332280147447,0:00:00.000028
1,2,0.1,2,"[270, 1534]",1899,486,0,1812,95.41864139020537,0:00:00.000039
1,2,0.1,2,"[330, 1414]",1899,487,0,1814,95.52395997893628,0:00:00.000024
1,2,0.1,2,"[1144, 680]",1899,488,0,1816,95.6292785676672,0:00:00.000022
1,2,0.1,2,"[647, 1443]",1899,489,0,1818,95.73459715639811,0:00:00.000020
1,2,0.1,2,"[1877, 897]",1899,490,0,1820,95.839915745129,0:00:00.000019
1,2,0.1,2,"[230, 1418]",1899,491,0,1822,95.94523433385993,0:00:00.000021
1,2,0.1,2,"[472, 944]",1899,492,0,1824,96.05055292259084,0:00:00.000020
1,2,0.1,2,"[1407, 1896]",1899,493,0,1826,96.15587151132175,0:00:00.000020
1,2,0.1,2,"[1495, 1457]",1899,494,0,1828,96.26119010005266,0:00:00.000020
1,2,0.1,2,"[380, 1696]",1899,495,0,1830,96.36650868878357,0:00:00.000020
1,2,0.1,2,"[1471, 1742]",1899,496,0,1832,96.47182727751448,0:00:00.000021
1,2,0.1,2,"[591, 1885]",1899,497,0,1834,96.57714586624539,0:00:00.000040
1,2,0.1,2,"[813, 1089]",1899,498,0,1836,96.6824644549763,0:00:00.000201
1,2,0.1,2,"[459, 1612]",1899,499,0,1838,96.78778304370721,0:00:00.000058
1,2,0.1,2,"[909, 1314]",1899,500,0,1840,96.89310163243813,0:00:00.000045
1,2,0.1,2,"[16, 1808]",1899,501,0,1842,96.99842022116904,0:00:00.000041
1,2,0.1,2,"[807, 1698]",1899,502,0,1844,97.10373880989994,0:00:00.000158
1,2,0.1,2,"[1070, 253]",1899,503,0,1846,97.20905739863086,0:00:00.000141
1,2,0.1,2,"[1744, 218]",1899,504,0,1848,97.31437598736177,0:00:00.000043
1,2,0.1,2,"[936, 890]",1899,505,0,1850,97.41969457609268,0:00:00.000049
1,2,0.1,2,"[1504, 1214]",1899,506,0,1852,97.52501316482359,0:00:00.000043
1,2,0.1,2,"[1592, 533]",1899,507,0,1854,97.6303317535545,0:00:00.000045
1,2,0.1,2,"[1258, 1300]",1899,508,0,1856,97.73565034228542,0:00:00.000030
1,2,0.1,2,"[470, 822]",1899,509,0,1858,97.84096893101632,0:00:00.000031
1,2,0.1,2,"[1474, 1536]",1899,510,0,1860,97.94628751974723,0:00:00.000024
1,2,0.1,2,"[1337, 855]",1899,511,0,1862,98.05160610847815,0:00:00.000023
1,2,0.1,2,"[665, 1888]",1899,512,0,1864,98.15692469720906,0:00:00.000022
1,2,0.1,2,"[772, 1455]",1899,513,0,1866,98.26224328593996,0:00:00.000020
1,2,0.1,2,"[1873, 1600]",1899,514,0,1868,98.36756187467088,0:00:00.000019
1,2,0.1,2,"[1890, 1067]",1899,515,0,1870,98.4728804634018,0:00:00.000019
1,2,0.1,2,"[1784, 1311]",1899,516,0,1872,98.5781990521327,0:00:00.000018
1,2,0.1,2,"[420, 571]",1899,517,0,1874,98.68351764086361,0:00:00.000020
1,2,0.1,2,"[1007, 1090]",1899,518,0,1876,98.78883622959452,0:00:00.000024
1,2,0.1,2,"[1102, 1130]",1899,519,0,1878,98.89415481832543,0:00:00.000020
1,2,0.1,2,"[1721, 1065]",1899,520,0,1880,98.99947340705634,0:00:00.000028
1,2,0.1,2,"[287, 280]",1899,521,0,1882,99.10479199578725,0:00:00.000039
1,2,0.1,2,"[745, 1151]",1899,522,0,1884,99.21011058451816,0:00:00.000043
1,2,0.1,2,"[390, 577]",1899,523,0,1886,99.31542917324909,0:00:00.000249
1,2,0.1,2,"[891, 1695]",1899,524,0,1888,99.42074776197998,0:00:00.000044
1,2,0.1,2,"[133, 1096]",1899,525,0,1890,99.52606635071089,0:00:00.000096
1,2,0.1,2,"[1182, 1182]",1899,526,0,1891,99.57872564507636,0:00:00.000056
1,2,0.1,2,"[1193, 1098]",1899,527,0,1893,99.68404423380727,0:00:00.000049
1,2,0.1,2,"[110, 110]",1899,528,0,1894,99.73670352817273,0:00:00.000061
1,2,0.1,2,"[1275, 1825]",1899,529,0,1896,99.84202211690362,0:00:00.000047
1,2,0.1,2,"[572, 989]",1899,530,0,1898,99.94734070563455,0:00:00.000038
1,2,0.1,1,[435],1899,531,0,1899,100.0,0:00:00.000039
